theta0,theta1
0.9392995535279067,-1.0035245993876702
